{
    "val_mse": 0.011730697005987167,
    "val_rmse": 0.108308345079422,
    "val_mae": 0.08297105878591537,
    "test_mse": 0.012782786041498184,
    "test_rmse": 0.11306098103523254,
    "test_mae": 0.08615905791521072,
    "train_loss_per_epoch": [
        0.91783473889033,
        0.761703888575236,
        0.6706541776657104,
        0.6625579992930094,
        0.6290656328201294,
        0.6189965307712555,
        0.6006527145703634,
        0.6002011100451151,
        0.5940398176511129,
        0.5889635682106018,
        0.5829886992772421,
        0.5799021124839783,
        0.5731929937998453,
        0.5711288650830587,
        0.5666268964608511,
        0.5623737176259359,
        0.5609946648279825,
        0.5552162329355875,
        0.5534415443738302,
        0.5502710143725077,
        0.5451448460419973,
        0.5446996887524923,
        0.5393108030160269,
        0.5364585022131602,
        0.534669429063797,
        0.5327310363451639,
        0.5271591941515604,
        0.5252065857251486,
        0.523259292046229,
        0.5194576680660248,
        0.5166044731934866,
        0.5133084356784821,
        0.5107931792736053,
        0.5086596707503,
        0.5035179456075033,
        0.5024633010228475,
        0.49967201550801593,
        0.4971240659554799,
        0.4936189651489258,
        0.48869945605595905
    ],
    "val_loss_per_epoch": [
        0.5459625124931335,
        0.4968344569206238,
        0.4625434875488281,
        0.4601360261440277,
        0.43282273411750793,
        0.41398143768310547,
        0.44657817482948303,
        0.4143681824207306,
        0.4286208152770996,
        0.40356916189193726,
        0.4022132456302643,
        0.4049851894378662,
        0.3959962725639343,
        0.39494872093200684,
        0.3949328660964966,
        0.38595402240753174,
        0.3796277642250061,
        0.37781426310539246,
        0.3668675124645233,
        0.3767755925655365,
        0.36492201685905457,
        0.36528250575065613,
        0.3625844120979309,
        0.3652641177177429,
        0.35576558113098145,
        0.36362528800964355,
        0.35980409383773804,
        0.35896429419517517,
        0.36002182960510254,
        0.35708245635032654,
        0.3614688217639923,
        0.3580837845802307,
        0.3545117676258087,
        0.35676679015159607,
        0.3590317666530609,
        0.3535631597042084,
        0.3537403643131256,
        0.35729488730430603,
        0.3579220473766327,
        0.35680335760116577
    ],
    "train_time": [
        3.963806629180908,
        3.8743953704833984,
        3.865703821182251,
        3.865224838256836,
        3.8676955699920654,
        3.8612136840820312,
        3.8631980419158936,
        3.873018980026245,
        3.866213083267212,
        3.865654945373535,
        3.8636960983276367,
        3.861720561981201,
        3.862985372543335,
        3.8674256801605225,
        3.8667521476745605,
        3.8702001571655273,
        3.8657748699188232,
        3.8638463020324707,
        3.862377405166626,
        3.8673839569091797,
        3.8738574981689453,
        3.8791377544403076,
        3.872161626815796,
        3.8692574501037598,
        3.8589556217193604,
        3.8642187118530273,
        3.86210036277771,
        3.86439847946167,
        3.8588473796844482,
        3.8671348094940186,
        3.8636460304260254,
        3.8665931224823,
        3.863980770111084,
        3.8661372661590576,
        3.8647968769073486,
        3.8679962158203125,
        3.8681607246398926,
        3.869840621948242,
        3.860755443572998,
        3.864154100418091
    ],
    "val_time": [
        0.48525023460388184,
        0.4877188205718994,
        0.4846985340118408,
        0.48364686965942383,
        0.48822927474975586,
        0.48691701889038086,
        0.48666858673095703,
        0.4840106964111328,
        0.48605775833129883,
        0.4889950752258301,
        0.48629093170166016,
        0.4869873523712158,
        0.4871540069580078,
        0.4850893020629883,
        0.48483824729919434,
        0.4860687255859375,
        0.4926276206970215,
        0.4878122806549072,
        0.48578619956970215,
        0.4864237308502197,
        0.4881165027618408,
        0.48506808280944824,
        0.4883692264556885,
        0.48676419258117676,
        0.48832225799560547,
        0.4837207794189453,
        0.4859583377838135,
        0.4853687286376953,
        0.48564815521240234,
        0.4872441291809082,
        0.48662495613098145,
        0.4868957996368408,
        0.4900534152984619,
        0.4858262538909912,
        0.4849271774291992,
        0.4884200096130371,
        0.48574066162109375,
        0.48533058166503906,
        0.4840712547302246,
        0.4882998466491699
    ]
}