{
    "val_mse": 0.011730697005987167,
    "val_rmse": 0.108308345079422,
    "val_mae": 0.08297105878591537,
    "test_mse": 0.012782786041498184,
    "test_rmse": 0.11306098103523254,
    "test_mae": 0.08615905791521072,
    "train_loss_per_epoch": [
        0.91783473889033,
        0.761703888575236,
        0.6706541776657104,
        0.6625579992930094,
        0.6290656328201294,
        0.6189965307712555,
        0.6006527145703634,
        0.6002011100451151,
        0.5940398176511129,
        0.5889635682106018,
        0.5829886992772421,
        0.5799021124839783,
        0.5731929937998453,
        0.5711288650830587,
        0.5666268964608511,
        0.5623737176259359,
        0.5609946648279825,
        0.5552162329355875,
        0.5534415443738302,
        0.5502710143725077,
        0.5451448460419973,
        0.5446996887524923,
        0.5393108030160269,
        0.5364585022131602,
        0.534669429063797,
        0.5327310363451639,
        0.5271591941515604,
        0.5252065857251486,
        0.523259292046229,
        0.5194576680660248,
        0.5166044731934866,
        0.5133084356784821,
        0.5107931792736053,
        0.5086596707503,
        0.5035179456075033,
        0.5024633010228475,
        0.49967201550801593,
        0.4971240659554799,
        0.4936189651489258,
        0.48869945605595905
    ],
    "val_loss_per_epoch": [
        0.5459625124931335,
        0.4968344569206238,
        0.4625434875488281,
        0.4601360261440277,
        0.43282273411750793,
        0.41398143768310547,
        0.44657817482948303,
        0.4143681824207306,
        0.4286208152770996,
        0.40356916189193726,
        0.4022132456302643,
        0.4049851894378662,
        0.3959962725639343,
        0.39494872093200684,
        0.3949328660964966,
        0.38595402240753174,
        0.3796277642250061,
        0.37781426310539246,
        0.3668675124645233,
        0.3767755925655365,
        0.36492201685905457,
        0.36528250575065613,
        0.3625844120979309,
        0.3652641177177429,
        0.35576558113098145,
        0.36362528800964355,
        0.35980409383773804,
        0.35896429419517517,
        0.36002182960510254,
        0.35708245635032654,
        0.3614688217639923,
        0.3580837845802307,
        0.3545117676258087,
        0.35676679015159607,
        0.3590317666530609,
        0.3535631597042084,
        0.3537403643131256,
        0.35729488730430603,
        0.3579220473766327,
        0.35680335760116577
    ],
    "train_time": [
        3.9631943702697754,
        3.8748035430908203,
        3.866950750350952,
        3.8632562160491943,
        3.8651018142700195,
        3.868107557296753,
        3.867628812789917,
        3.87330961227417,
        3.867443084716797,
        3.8614814281463623,
        3.863633394241333,
        3.8581483364105225,
        3.8641796112060547,
        3.8681647777557373,
        3.8665919303894043,
        3.8680381774902344,
        3.8726768493652344,
        3.8649632930755615,
        3.8648369312286377,
        3.86869478225708,
        3.874288320541382,
        3.8703877925872803,
        3.865973472595215,
        3.863835573196411,
        3.8616111278533936,
        3.869105339050293,
        3.8601818084716797,
        3.865405559539795,
        3.8625082969665527,
        3.9008331298828125,
        3.868680238723755,
        3.8703932762145996,
        4.0257484912872314,
        3.900252342224121,
        3.9223713874816895,
        4.282433032989502,
        4.111353158950806,
        3.9875738620758057,
        4.05410099029541,
        4.008456707000732
    ],
    "val_time": [
        0.4847431182861328,
        0.48320627212524414,
        0.4883992671966553,
        0.48877620697021484,
        0.4895436763763428,
        0.48721957206726074,
        0.48957037925720215,
        0.48691654205322266,
        0.4887824058532715,
        0.4866063594818115,
        0.48573923110961914,
        0.4866514205932617,
        0.48576927185058594,
        0.4852442741394043,
        0.4890015125274658,
        0.4862327575683594,
        0.4888625144958496,
        0.48624253273010254,
        0.48920750617980957,
        0.4873020648956299,
        0.4894435405731201,
        0.484238862991333,
        0.48656487464904785,
        0.4848811626434326,
        0.4840691089630127,
        0.48358774185180664,
        0.4899628162384033,
        0.48412108421325684,
        0.4840512275695801,
        0.4836902618408203,
        0.4863712787628174,
        0.48690223693847656,
        0.5038721561431885,
        0.4851231575012207,
        0.5595595836639404,
        0.5346362590789795,
        0.5234544277191162,
        0.5197153091430664,
        0.4883236885070801,
        0.5215399265289307
    ]
}