{
    "val_mse": 0.023701339960098267,
    "val_rmse": 0.15395238995552063,
    "val_mae": 0.11632557213306427,
    "test_mse": 0.019274532794952393,
    "test_rmse": 0.13883274793624878,
    "test_mae": 0.10398506373167038,
    "train_loss_per_epoch": [
        1.431681474049886,
        1.3179627259572346,
        1.2720659971237183,
        1.2448989550272624,
        1.2439286311467488,
        1.2303823232650757,
        1.223912000656128,
        1.218215545018514,
        1.2146151463190715,
        1.2116284370422363,
        1.2088992595672607,
        1.2032424211502075,
        1.203894317150116,
        1.2012781699498494,
        1.1973899205525715,
        1.1969306071599324,
        1.1945184866587322,
        1.1930437088012695,
        1.1900610129038494,
        1.1897616386413574,
        1.1881062984466553,
        1.185541311899821,
        1.1825095613797505,
        1.1824209491411846,
        1.1810262600580852,
        1.1790179808934529,
        1.1754313309987385,
        1.1725616455078125,
        1.1721200545628865,
        1.1706542174021404,
        1.1688182353973389,
        1.16555517911911,
        1.1613073348999023,
        1.1591427723566692,
        1.1580875317255657,
        1.1591254870096843,
        1.1598650217056274,
        1.1597742636998494,
        1.1528647343317668,
        1.1513996918996174
    ],
    "val_loss_per_epoch": [
        1.2816553115844727,
        1.2853597402572632,
        1.250779151916504,
        1.2439451217651367,
        1.2720696926116943,
        1.2220091819763184,
        1.237161636352539,
        1.2494373321533203,
        1.230891466140747,
        1.23810613155365,
        1.22854745388031,
        1.2203177213668823,
        1.22538423538208,
        1.21811842918396,
        1.2225854396820068,
        1.2126574516296387,
        1.2117220163345337,
        1.2141984701156616,
        1.2089089155197144,
        1.2074717283248901,
        1.204796552658081,
        1.2099571228027344,
        1.2049599885940552,
        1.2025455236434937,
        1.199645757675171,
        1.2030820846557617,
        1.2021886110305786,
        1.2006453275680542,
        1.1975387334823608,
        1.1943000555038452,
        1.193493366241455,
        1.1963391304016113,
        1.2021299600601196,
        1.2015999555587769,
        1.1970971822738647,
        1.1898223161697388,
        1.1886948347091675,
        1.1905462741851807,
        1.2206414937973022,
        1.2089625597000122
    ],
    "train_time": [
        7.085948944091797,
        5.653997182846069,
        5.65885066986084,
        5.660558223724365,
        5.655549049377441,
        5.6598734855651855,
        5.661416530609131,
        5.651817798614502,
        5.660238027572632,
        5.6537184715271,
        5.659056663513184,
        5.663524866104126,
        5.667239665985107,
        5.65955924987793,
        5.661623954772949,
        5.668481349945068,
        5.659045934677124,
        5.664188861846924,
        5.662232398986816,
        5.6584436893463135,
        5.6631152629852295,
        5.657521486282349,
        5.666315317153931,
        5.668257713317871,
        5.661640644073486,
        5.662154912948608,
        5.656372308731079,
        5.65757155418396,
        5.688256502151489,
        5.79601263999939,
        5.712625980377197,
        5.705140113830566,
        5.7064878940582275,
        5.733193874359131,
        5.709242820739746,
        5.675220251083374,
        5.670286655426025,
        5.690377473831177,
        5.687482118606567,
        5.658472061157227
    ],
    "val_time": [
        0.8362600803375244,
        0.8371620178222656,
        0.8360950946807861,
        0.8401503562927246,
        0.8352799415588379,
        0.8374078273773193,
        0.8383655548095703,
        0.8392157554626465,
        0.8355646133422852,
        0.8353219032287598,
        0.8367331027984619,
        0.834996223449707,
        0.8383171558380127,
        0.8381776809692383,
        0.8369386196136475,
        0.8388895988464355,
        0.8402869701385498,
        0.8390231132507324,
        0.8375129699707031,
        0.8395698070526123,
        0.843292236328125,
        0.8415622711181641,
        0.8376760482788086,
        0.8398122787475586,
        0.8387625217437744,
        0.8412559032440186,
        0.8399574756622314,
        0.8390398025512695,
        0.8671009540557861,
        0.8475258350372314,
        0.8423802852630615,
        0.8386814594268799,
        0.8437404632568359,
        0.8366146087646484,
        0.8371758460998535,
        0.8378386497497559,
        0.8458623886108398,
        0.8453404903411865,
        0.8403453826904297,
        0.8488373756408691
    ]
}