{
    "val_mse": 0.011730697005987167,
    "val_rmse": 0.108308345079422,
    "val_mae": 0.08297105878591537,
    "test_mse": 0.012782786041498184,
    "test_rmse": 0.11306098103523254,
    "test_mae": 0.08615905791521072,
    "train_loss_per_epoch": [
        0.91783473889033,
        0.761703888575236,
        0.6706541776657104,
        0.6625579992930094,
        0.6290656328201294,
        0.6189965307712555,
        0.6006527145703634,
        0.6002011100451151,
        0.5940398176511129,
        0.5889635682106018,
        0.5829886992772421,
        0.5799021124839783,
        0.5731929937998453,
        0.5711288650830587,
        0.5666268964608511,
        0.5623737176259359,
        0.5609946648279825,
        0.5552162329355875,
        0.5534415443738302,
        0.5502710143725077,
        0.5451448460419973,
        0.5446996887524923,
        0.5393108030160269,
        0.5364585022131602,
        0.534669429063797,
        0.5327310363451639,
        0.5271591941515604,
        0.5252065857251486,
        0.523259292046229,
        0.5194576680660248,
        0.5166044731934866,
        0.5133084356784821,
        0.5107931792736053,
        0.5086596707503,
        0.5035179456075033,
        0.5024633010228475,
        0.49967201550801593,
        0.4971240659554799,
        0.4936189651489258,
        0.48869945605595905
    ],
    "val_loss_per_epoch": [
        0.5459625124931335,
        0.4968344569206238,
        0.4625434875488281,
        0.4601360261440277,
        0.43282273411750793,
        0.41398143768310547,
        0.44657817482948303,
        0.4143681824207306,
        0.4286208152770996,
        0.40356916189193726,
        0.4022132456302643,
        0.4049851894378662,
        0.3959962725639343,
        0.39494872093200684,
        0.3949328660964966,
        0.38595402240753174,
        0.3796277642250061,
        0.37781426310539246,
        0.3668675124645233,
        0.3767755925655365,
        0.36492201685905457,
        0.36528250575065613,
        0.3625844120979309,
        0.3652641177177429,
        0.35576558113098145,
        0.36362528800964355,
        0.35980409383773804,
        0.35896429419517517,
        0.36002182960510254,
        0.35708245635032654,
        0.3614688217639923,
        0.3580837845802307,
        0.3545117676258087,
        0.35676679015159607,
        0.3590317666530609,
        0.3535631597042084,
        0.3537403643131256,
        0.35729488730430603,
        0.3579220473766327,
        0.35680335760116577
    ],
    "train_time": [
        3.971827745437622,
        3.874742269515991,
        3.867525100708008,
        3.86818790435791,
        3.8632378578186035,
        3.868150472640991,
        3.864509344100952,
        3.8718643188476562,
        3.8646388053894043,
        3.859251022338867,
        3.8602135181427,
        3.863018751144409,
        3.8671343326568604,
        3.861577033996582,
        3.8645427227020264,
        3.8742470741271973,
        3.8701841831207275,
        3.8584442138671875,
        3.868682861328125,
        3.864140748977661,
        3.8714990615844727,
        3.86647891998291,
        3.8653383255004883,
        3.8628504276275635,
        3.8664278984069824,
        3.862691879272461,
        3.856339693069458,
        3.8573217391967773,
        3.8662869930267334,
        3.8648064136505127,
        3.8628714084625244,
        3.865264415740967,
        3.8691160678863525,
        3.862513303756714,
        3.867572784423828,
        3.8633859157562256,
        3.8651773929595947,
        3.857750177383423,
        3.8628053665161133,
        3.8621444702148438
    ],
    "val_time": [
        0.48429250717163086,
        0.4875216484069824,
        0.49057626724243164,
        0.49005913734436035,
        0.48663854598999023,
        0.4854094982147217,
        0.4866819381713867,
        0.48578476905822754,
        0.48714280128479004,
        0.48618173599243164,
        0.4891703128814697,
        0.4876742362976074,
        0.48492860794067383,
        0.484968900680542,
        0.48587822914123535,
        0.4863569736480713,
        0.4886965751647949,
        0.4890158176422119,
        0.48949241638183594,
        0.4874401092529297,
        0.4861600399017334,
        0.486677885055542,
        0.48280835151672363,
        0.4845254421234131,
        0.4855022430419922,
        0.4855189323425293,
        0.4877898693084717,
        0.4847226142883301,
        0.487384557723999,
        0.4855642318725586,
        0.48586201667785645,
        0.4834928512573242,
        0.4858815670013428,
        0.4844231605529785,
        0.4865756034851074,
        0.4845731258392334,
        0.48474574089050293,
        0.48590993881225586,
        0.48673439025878906,
        0.4824409484863281
    ]
}