{
    "val_mse": 0.011730697005987167,
    "val_rmse": 0.108308345079422,
    "val_mae": 0.08297105878591537,
    "test_mse": 0.012782786041498184,
    "test_rmse": 0.11306098103523254,
    "test_mae": 0.08615905791521072,
    "train_loss_per_epoch": [
        0.91783473889033,
        0.761703888575236,
        0.6706541776657104,
        0.6625579992930094,
        0.6290656328201294,
        0.6189965307712555,
        0.6006527145703634,
        0.6002011100451151,
        0.5940398176511129,
        0.5889635682106018,
        0.5829886992772421,
        0.5799021124839783,
        0.5731929937998453,
        0.5711288650830587,
        0.5666268964608511,
        0.5623737176259359,
        0.5609946648279825,
        0.5552162329355875,
        0.5534415443738302,
        0.5502710143725077,
        0.5451448460419973,
        0.5446996887524923,
        0.5393108030160269,
        0.5364585022131602,
        0.534669429063797,
        0.5327310363451639,
        0.5271591941515604,
        0.5252065857251486,
        0.523259292046229,
        0.5194576680660248,
        0.5166044731934866,
        0.5133084356784821,
        0.5107931792736053,
        0.5086596707503,
        0.5035179456075033,
        0.5024633010228475,
        0.49967201550801593,
        0.4971240659554799,
        0.4936189651489258,
        0.48869945605595905
    ],
    "val_loss_per_epoch": [
        0.5459625124931335,
        0.4968344569206238,
        0.4625434875488281,
        0.4601360261440277,
        0.43282273411750793,
        0.41398143768310547,
        0.44657817482948303,
        0.4143681824207306,
        0.4286208152770996,
        0.40356916189193726,
        0.4022132456302643,
        0.4049851894378662,
        0.3959962725639343,
        0.39494872093200684,
        0.3949328660964966,
        0.38595402240753174,
        0.3796277642250061,
        0.37781426310539246,
        0.3668675124645233,
        0.3767755925655365,
        0.36492201685905457,
        0.36528250575065613,
        0.3625844120979309,
        0.3652641177177429,
        0.35576558113098145,
        0.36362528800964355,
        0.35980409383773804,
        0.35896429419517517,
        0.36002182960510254,
        0.35708245635032654,
        0.3614688217639923,
        0.3580837845802307,
        0.3545117676258087,
        0.35676679015159607,
        0.3590317666530609,
        0.3535631597042084,
        0.3537403643131256,
        0.35729488730430603,
        0.3579220473766327,
        0.35680335760116577
    ],
    "train_time": [
        5.7806901931762695,
        4.358116865158081,
        4.347371816635132,
        4.294225454330444,
        4.289857387542725,
        4.292167663574219,
        4.288637399673462,
        4.391079425811768,
        4.460428476333618,
        4.245707273483276,
        4.246507406234741,
        4.4222331047058105,
        4.173781156539917,
        4.174548149108887,
        4.1667022705078125,
        4.171614170074463,
        4.173991680145264,
        4.175684452056885,
        4.182479619979858,
        4.172209739685059,
        4.182110071182251,
        4.181600093841553,
        4.172984600067139,
        4.1765594482421875,
        4.174467325210571,
        4.182006120681763,
        4.174374103546143,
        4.1771628856658936,
        4.17657208442688,
        4.183176040649414,
        4.181446075439453,
        4.17717719078064,
        4.171112298965454,
        4.181915521621704,
        4.182565212249756,
        4.1726014614105225,
        4.17917275428772,
        4.1727941036224365,
        4.174657821655273,
        4.175144910812378
    ],
    "val_time": [
        0.6077685356140137,
        0.6416647434234619,
        0.6273758411407471,
        0.6111102104187012,
        0.6085138320922852,
        0.609954833984375,
        0.6115627288818359,
        0.6149063110351562,
        0.5903987884521484,
        0.5958809852600098,
        0.5986273288726807,
        0.5894443988800049,
        0.5908761024475098,
        0.5901648998260498,
        0.5912160873413086,
        0.5931825637817383,
        0.5889692306518555,
        0.5910835266113281,
        0.5915937423706055,
        0.5904195308685303,
        0.5874295234680176,
        0.5941734313964844,
        0.5864832401275635,
        0.5869557857513428,
        0.588144063949585,
        0.589728593826294,
        0.592055082321167,
        0.5894851684570312,
        0.5919039249420166,
        0.589932918548584,
        0.5928022861480713,
        0.5930812358856201,
        0.5888159275054932,
        0.5926477909088135,
        0.5939376354217529,
        0.5897057056427002,
        0.5879652500152588,
        0.5903677940368652,
        0.5882720947265625,
        0.591156005859375
    ]
}