{
    "val_mse": 0.011730697005987167,
    "val_rmse": 0.108308345079422,
    "val_mae": 0.08297105878591537,
    "test_mse": 0.012782786041498184,
    "test_rmse": 0.11306098103523254,
    "test_mae": 0.08615905791521072,
    "train_loss_per_epoch": [
        0.91783473889033,
        0.761703888575236,
        0.6706541776657104,
        0.6625579992930094,
        0.6290656328201294,
        0.6189965307712555,
        0.6006527145703634,
        0.6002011100451151,
        0.5940398176511129,
        0.5889635682106018,
        0.5829886992772421,
        0.5799021124839783,
        0.5731929937998453,
        0.5711288650830587,
        0.5666268964608511,
        0.5623737176259359,
        0.5609946648279825,
        0.5552162329355875,
        0.5534415443738302,
        0.5502710143725077,
        0.5451448460419973,
        0.5446996887524923,
        0.5393108030160269,
        0.5364585022131602,
        0.534669429063797,
        0.5327310363451639,
        0.5271591941515604,
        0.5252065857251486,
        0.523259292046229,
        0.5194576680660248,
        0.5166044731934866,
        0.5133084356784821,
        0.5107931792736053,
        0.5086596707503,
        0.5035179456075033,
        0.5024633010228475,
        0.49967201550801593,
        0.4971240659554799,
        0.4936189651489258,
        0.48869945605595905
    ],
    "val_loss_per_epoch": [
        0.5459625124931335,
        0.4968344569206238,
        0.4625434875488281,
        0.4601360261440277,
        0.43282273411750793,
        0.41398143768310547,
        0.44657817482948303,
        0.4143681824207306,
        0.4286208152770996,
        0.40356916189193726,
        0.4022132456302643,
        0.4049851894378662,
        0.3959962725639343,
        0.39494872093200684,
        0.3949328660964966,
        0.38595402240753174,
        0.3796277642250061,
        0.37781426310539246,
        0.3668675124645233,
        0.3767755925655365,
        0.36492201685905457,
        0.36528250575065613,
        0.3625844120979309,
        0.3652641177177429,
        0.35576558113098145,
        0.36362528800964355,
        0.35980409383773804,
        0.35896429419517517,
        0.36002182960510254,
        0.35708245635032654,
        0.3614688217639923,
        0.3580837845802307,
        0.3545117676258087,
        0.35676679015159607,
        0.3590317666530609,
        0.3535631597042084,
        0.3537403643131256,
        0.35729488730430603,
        0.3579220473766327,
        0.35680335760116577
    ],
    "train_time": [
        3.9466280937194824,
        3.8755314350128174,
        3.8614611625671387,
        3.8691413402557373,
        3.8681294918060303,
        3.8648128509521484,
        3.863027811050415,
        3.876446485519409,
        3.866973400115967,
        3.86069655418396,
        3.8666679859161377,
        3.858664035797119,
        3.865482807159424,
        3.8590126037597656,
        3.8581743240356445,
        3.8720149993896484,
        3.8705570697784424,
        3.8632583618164062,
        3.869704008102417,
        3.8673794269561768,
        3.8716914653778076,
        3.867393970489502,
        3.8611769676208496,
        3.857304573059082,
        3.8614566326141357,
        3.867770195007324,
        3.8643126487731934,
        3.864501476287842,
        3.863312244415283,
        3.8626997470855713,
        3.865177869796753,
        3.8636345863342285,
        3.86916446685791,
        3.863110303878784,
        3.867211103439331,
        3.867581844329834,
        3.876824378967285,
        3.855717897415161,
        3.8542943000793457,
        3.8627240657806396
    ],
    "val_time": [
        0.4861915111541748,
        0.48533201217651367,
        0.4869039058685303,
        0.48548316955566406,
        0.4891016483306885,
        0.48503684997558594,
        0.4883284568786621,
        0.4856562614440918,
        0.4869701862335205,
        0.48537302017211914,
        0.4848661422729492,
        0.48453354835510254,
        0.48509764671325684,
        0.4847257137298584,
        0.48978400230407715,
        0.48433613777160645,
        0.4886360168457031,
        0.48818492889404297,
        0.4875657558441162,
        0.4849705696105957,
        0.48822498321533203,
        0.48601603507995605,
        0.48789000511169434,
        0.4871349334716797,
        0.4872002601623535,
        0.485729455947876,
        0.4849212169647217,
        0.4864182472229004,
        0.484816312789917,
        0.48757171630859375,
        0.4871079921722412,
        0.48414111137390137,
        0.4825601577758789,
        0.4883861541748047,
        0.4853806495666504,
        0.48502063751220703,
        0.48157715797424316,
        0.48911285400390625,
        0.4842820167541504,
        0.48583006858825684
    ]
}