{
    "val_mse": 0.011730697005987167,
    "val_rmse": 0.108308345079422,
    "val_mae": 0.08297105878591537,
    "test_mse": 0.012782786041498184,
    "test_rmse": 0.11306098103523254,
    "test_mae": 0.08615905791521072,
    "train_loss_per_epoch": [
        0.91783473889033,
        0.761703888575236,
        0.6706541776657104,
        0.6625579992930094,
        0.6290656328201294,
        0.6189965307712555,
        0.6006527145703634,
        0.6002011100451151,
        0.5940398176511129,
        0.5889635682106018,
        0.5829886992772421,
        0.5799021124839783,
        0.5731929937998453,
        0.5711288650830587,
        0.5666268964608511,
        0.5623737176259359,
        0.5609946648279825,
        0.5552162329355875,
        0.5534415443738302,
        0.5502710143725077,
        0.5451448460419973,
        0.5446996887524923,
        0.5393108030160269,
        0.5364585022131602,
        0.534669429063797,
        0.5327310363451639,
        0.5271591941515604,
        0.5252065857251486,
        0.523259292046229,
        0.5194576680660248,
        0.5166044731934866,
        0.5133084356784821,
        0.5107931792736053,
        0.5086596707503,
        0.5035179456075033,
        0.5024633010228475,
        0.49967201550801593,
        0.4971240659554799,
        0.4936189651489258,
        0.48869945605595905
    ],
    "val_loss_per_epoch": [
        0.5459625124931335,
        0.4968344569206238,
        0.4625434875488281,
        0.4601360261440277,
        0.43282273411750793,
        0.41398143768310547,
        0.44657817482948303,
        0.4143681824207306,
        0.4286208152770996,
        0.40356916189193726,
        0.4022132456302643,
        0.4049851894378662,
        0.3959962725639343,
        0.39494872093200684,
        0.3949328660964966,
        0.38595402240753174,
        0.3796277642250061,
        0.37781426310539246,
        0.3668675124645233,
        0.3767755925655365,
        0.36492201685905457,
        0.36528250575065613,
        0.3625844120979309,
        0.3652641177177429,
        0.35576558113098145,
        0.36362528800964355,
        0.35980409383773804,
        0.35896429419517517,
        0.36002182960510254,
        0.35708245635032654,
        0.3614688217639923,
        0.3580837845802307,
        0.3545117676258087,
        0.35676679015159607,
        0.3590317666530609,
        0.3535631597042084,
        0.3537403643131256,
        0.35729488730430603,
        0.3579220473766327,
        0.35680335760116577
    ],
    "train_time": [
        3.9633190631866455,
        3.8739490509033203,
        3.8630733489990234,
        3.8675451278686523,
        3.8706679344177246,
        3.8631906509399414,
        3.865544319152832,
        3.8642995357513428,
        3.861603260040283,
        3.858968496322632,
        3.8696162700653076,
        3.866490125656128,
        3.8634696006774902,
        3.869764566421509,
        3.8599507808685303,
        3.8636274337768555,
        3.8705508708953857,
        3.864875078201294,
        3.8611361980438232,
        3.917733907699585,
        3.872758150100708,
        3.8701865673065186,
        3.870910406112671,
        3.8594326972961426,
        3.8737683296203613,
        3.8635201454162598,
        3.869258403778076,
        3.863189220428467,
        3.864696741104126,
        3.872992992401123,
        3.860707998275757,
        3.8601722717285156,
        3.8765015602111816,
        3.8653881549835205,
        3.8638107776641846,
        3.864330291748047,
        3.862774610519409,
        3.865527868270874,
        3.8674306869506836,
        3.863546133041382
    ],
    "val_time": [
        0.4861128330230713,
        0.48700904846191406,
        0.48928189277648926,
        0.4876728057861328,
        0.48984265327453613,
        0.48955225944519043,
        0.4869856834411621,
        0.4862508773803711,
        0.485318660736084,
        0.48297858238220215,
        0.4865705966949463,
        0.48633599281311035,
        0.4848971366882324,
        0.4854440689086914,
        0.4879305362701416,
        0.4859585762023926,
        0.49038124084472656,
        0.4849274158477783,
        0.4847531318664551,
        0.48627471923828125,
        0.4870607852935791,
        0.4859030246734619,
        0.481975793838501,
        0.4854569435119629,
        0.4863109588623047,
        0.4851961135864258,
        0.4837155342102051,
        0.4828770160675049,
        0.4864926338195801,
        0.48636627197265625,
        0.48770976066589355,
        0.4866032600402832,
        0.4838094711303711,
        0.48334717750549316,
        0.48420000076293945,
        0.48473668098449707,
        0.4860227108001709,
        0.4861304759979248,
        0.48685264587402344,
        0.4853672981262207
    ]
}