{
    "val_mse": 0.011730697005987167,
    "val_rmse": 0.108308345079422,
    "val_mae": 0.08297105878591537,
    "test_mse": 0.012782786041498184,
    "test_rmse": 0.11306098103523254,
    "test_mae": 0.08615905791521072,
    "train_loss_per_epoch": [
        0.91783473889033,
        0.761703888575236,
        0.6706541776657104,
        0.6625579992930094,
        0.6290656328201294,
        0.6189965307712555,
        0.6006527145703634,
        0.6002011100451151,
        0.5940398176511129,
        0.5889635682106018,
        0.5829886992772421,
        0.5799021124839783,
        0.5731929937998453,
        0.5711288650830587,
        0.5666268964608511,
        0.5623737176259359,
        0.5609946648279825,
        0.5552162329355875,
        0.5534415443738302,
        0.5502710143725077,
        0.5451448460419973,
        0.5446996887524923,
        0.5393108030160269,
        0.5364585022131602,
        0.534669429063797,
        0.5327310363451639,
        0.5271591941515604,
        0.5252065857251486,
        0.523259292046229,
        0.5194576680660248,
        0.5166044731934866,
        0.5133084356784821,
        0.5107931792736053,
        0.5086596707503,
        0.5035179456075033,
        0.5024633010228475,
        0.49967201550801593,
        0.4971240659554799,
        0.4936189651489258,
        0.48869945605595905
    ],
    "val_loss_per_epoch": [
        0.5459625124931335,
        0.4968344569206238,
        0.4625434875488281,
        0.4601360261440277,
        0.43282273411750793,
        0.41398143768310547,
        0.44657817482948303,
        0.4143681824207306,
        0.4286208152770996,
        0.40356916189193726,
        0.4022132456302643,
        0.4049851894378662,
        0.3959962725639343,
        0.39494872093200684,
        0.3949328660964966,
        0.38595402240753174,
        0.3796277642250061,
        0.37781426310539246,
        0.3668675124645233,
        0.3767755925655365,
        0.36492201685905457,
        0.36528250575065613,
        0.3625844120979309,
        0.3652641177177429,
        0.35576558113098145,
        0.36362528800964355,
        0.35980409383773804,
        0.35896429419517517,
        0.36002182960510254,
        0.35708245635032654,
        0.3614688217639923,
        0.3580837845802307,
        0.3545117676258087,
        0.35676679015159607,
        0.3590317666530609,
        0.3535631597042084,
        0.3537403643131256,
        0.35729488730430603,
        0.3579220473766327,
        0.35680335760116577
    ],
    "train_time": [
        4.048784255981445,
        3.8686084747314453,
        3.9825892448425293,
        3.878957986831665,
        3.8715097904205322,
        3.8699071407318115,
        4.112793684005737,
        3.862292528152466,
        3.8699350357055664,
        3.868100643157959,
        3.8639204502105713,
        3.8577516078948975,
        3.8596103191375732,
        3.863398313522339,
        3.8593387603759766,
        3.8660542964935303,
        3.862250804901123,
        3.867384672164917,
        3.8675360679626465,
        3.867429733276367,
        3.9494364261627197,
        3.8651576042175293,
        3.8722918033599854,
        3.8675296306610107,
        3.860992193222046,
        3.868373394012451,
        3.864442825317383,
        3.8744566440582275,
        3.8646316528320312,
        3.867013692855835,
        3.866525173187256,
        3.864607572555542,
        3.8656299114227295,
        3.866877794265747,
        3.870603084564209,
        3.867490768432617,
        3.8646724224090576,
        3.8687222003936768,
        3.8582603931427,
        3.858731508255005
    ],
    "val_time": [
        0.48920154571533203,
        0.4855036735534668,
        0.505871057510376,
        0.4873206615447998,
        0.4850766658782959,
        0.48438334465026855,
        0.4862959384918213,
        0.4901132583618164,
        0.48479366302490234,
        0.48494863510131836,
        0.4855039119720459,
        0.48326826095581055,
        0.48516321182250977,
        0.48636746406555176,
        0.4880867004394531,
        0.48857784271240234,
        0.48871660232543945,
        0.4856834411621094,
        0.48807811737060547,
        0.48557019233703613,
        0.48654842376708984,
        0.4879417419433594,
        0.48939990997314453,
        0.48761510848999023,
        0.4856729507446289,
        0.4847280979156494,
        0.4867746829986572,
        0.48732614517211914,
        0.4873502254486084,
        0.48564815521240234,
        0.489626407623291,
        0.49111485481262207,
        0.48715996742248535,
        0.48513340950012207,
        0.48474574089050293,
        0.4868612289428711,
        0.4855458736419678,
        0.4872894287109375,
        0.48348522186279297,
        0.48451995849609375
    ]
}