{
    "val_mse": 0.011730697005987167,
    "val_rmse": 0.108308345079422,
    "val_mae": 0.08297105878591537,
    "test_mse": 0.012782786041498184,
    "test_rmse": 0.11306098103523254,
    "test_mae": 0.08615905791521072,
    "train_loss_per_epoch": [
        0.91783473889033,
        0.761703888575236,
        0.6706541776657104,
        0.6625579992930094,
        0.6290656328201294,
        0.6189965307712555,
        0.6006527145703634,
        0.6002011100451151,
        0.5940398176511129,
        0.5889635682106018,
        0.5829886992772421,
        0.5799021124839783,
        0.5731929937998453,
        0.5711288650830587,
        0.5666268964608511,
        0.5623737176259359,
        0.5609946648279825,
        0.5552162329355875,
        0.5534415443738302,
        0.5502710143725077,
        0.5451448460419973,
        0.5446996887524923,
        0.5393108030160269,
        0.5364585022131602,
        0.534669429063797,
        0.5327310363451639,
        0.5271591941515604,
        0.5252065857251486,
        0.523259292046229,
        0.5194576680660248,
        0.5166044731934866,
        0.5133084356784821,
        0.5107931792736053,
        0.5086596707503,
        0.5035179456075033,
        0.5024633010228475,
        0.49967201550801593,
        0.4971240659554799,
        0.4936189651489258,
        0.48869945605595905
    ],
    "val_loss_per_epoch": [
        0.5459625124931335,
        0.4968344569206238,
        0.4625434875488281,
        0.4601360261440277,
        0.43282273411750793,
        0.41398143768310547,
        0.44657817482948303,
        0.4143681824207306,
        0.4286208152770996,
        0.40356916189193726,
        0.4022132456302643,
        0.4049851894378662,
        0.3959962725639343,
        0.39494872093200684,
        0.3949328660964966,
        0.38595402240753174,
        0.3796277642250061,
        0.37781426310539246,
        0.3668675124645233,
        0.3767755925655365,
        0.36492201685905457,
        0.36528250575065613,
        0.3625844120979309,
        0.3652641177177429,
        0.35576558113098145,
        0.36362528800964355,
        0.35980409383773804,
        0.35896429419517517,
        0.36002182960510254,
        0.35708245635032654,
        0.3614688217639923,
        0.3580837845802307,
        0.3545117676258087,
        0.35676679015159607,
        0.3590317666530609,
        0.3535631597042084,
        0.3537403643131256,
        0.35729488730430603,
        0.3579220473766327,
        0.35680335760116577
    ],
    "train_time": [
        3.9742133617401123,
        3.8759655952453613,
        3.865332841873169,
        3.867464303970337,
        3.8615691661834717,
        3.8671090602874756,
        3.870903253555298,
        3.8749098777770996,
        3.869321346282959,
        3.870157241821289,
        3.859927177429199,
        3.86055588722229,
        3.8625869750976562,
        3.8676517009735107,
        3.8655788898468018,
        3.8636913299560547,
        3.8569345474243164,
        3.8654370307922363,
        3.8701767921447754,
        3.866818904876709,
        3.8671958446502686,
        3.8659191131591797,
        3.8652610778808594,
        3.863313913345337,
        3.864079236984253,
        3.8620989322662354,
        3.8640248775482178,
        3.860574960708618,
        3.8619725704193115,
        3.865967273712158,
        3.863309383392334,
        3.8660550117492676,
        3.8652758598327637,
        3.8644890785217285,
        3.8670809268951416,
        3.866166114807129,
        3.8680403232574463,
        3.8662452697753906,
        3.857865810394287,
        3.8616485595703125
    ],
    "val_time": [
        0.48601770401000977,
        0.48520445823669434,
        0.48863697052001953,
        0.48668575286865234,
        0.4869246482849121,
        0.48727965354919434,
        0.48520636558532715,
        0.484849214553833,
        0.48770928382873535,
        0.4860827922821045,
        0.4851267337799072,
        0.4846367835998535,
        0.48510241508483887,
        0.4858677387237549,
        0.4845774173736572,
        0.48551201820373535,
        0.49062108993530273,
        0.4866151809692383,
        0.48528075218200684,
        0.4841887950897217,
        0.4859592914581299,
        0.4869561195373535,
        0.48737144470214844,
        0.48697423934936523,
        0.4890103340148926,
        0.48790502548217773,
        0.48613834381103516,
        0.487900972366333,
        0.48560500144958496,
        0.48663759231567383,
        0.48564672470092773,
        0.4861459732055664,
        0.4904606342315674,
        0.48893260955810547,
        0.4865436553955078,
        0.48710203170776367,
        0.48648929595947266,
        0.4856550693511963,
        0.48644590377807617,
        0.4887268543243408
    ]
}