{
    "val_mse": 0.011730697005987167,
    "val_rmse": 0.108308345079422,
    "val_mae": 0.08297105878591537,
    "test_mse": 0.012782786041498184,
    "test_rmse": 0.11306098103523254,
    "test_mae": 0.08615905791521072,
    "train_loss_per_epoch": [
        0.91783473889033,
        0.761703888575236,
        0.6706541776657104,
        0.6625579992930094,
        0.6290656328201294,
        0.6189965307712555,
        0.6006527145703634,
        0.6002011100451151,
        0.5940398176511129,
        0.5889635682106018,
        0.5829886992772421,
        0.5799021124839783,
        0.5731929937998453,
        0.5711288650830587,
        0.5666268964608511,
        0.5623737176259359,
        0.5609946648279825,
        0.5552162329355875,
        0.5534415443738302,
        0.5502710143725077,
        0.5451448460419973,
        0.5446996887524923,
        0.5393108030160269,
        0.5364585022131602,
        0.534669429063797,
        0.5327310363451639,
        0.5271591941515604,
        0.5252065857251486,
        0.523259292046229,
        0.5194576680660248,
        0.5166044731934866,
        0.5133084356784821,
        0.5107931792736053,
        0.5086596707503,
        0.5035179456075033,
        0.5024633010228475,
        0.49967201550801593,
        0.4971240659554799,
        0.4936189651489258,
        0.48869945605595905
    ],
    "val_loss_per_epoch": [
        0.5459625124931335,
        0.4968344569206238,
        0.4625434875488281,
        0.4601360261440277,
        0.43282273411750793,
        0.41398143768310547,
        0.44657817482948303,
        0.4143681824207306,
        0.4286208152770996,
        0.40356916189193726,
        0.4022132456302643,
        0.4049851894378662,
        0.3959962725639343,
        0.39494872093200684,
        0.3949328660964966,
        0.38595402240753174,
        0.3796277642250061,
        0.37781426310539246,
        0.3668675124645233,
        0.3767755925655365,
        0.36492201685905457,
        0.36528250575065613,
        0.3625844120979309,
        0.3652641177177429,
        0.35576558113098145,
        0.36362528800964355,
        0.35980409383773804,
        0.35896429419517517,
        0.36002182960510254,
        0.35708245635032654,
        0.3614688217639923,
        0.3580837845802307,
        0.3545117676258087,
        0.35676679015159607,
        0.3590317666530609,
        0.3535631597042084,
        0.3537403643131256,
        0.35729488730430603,
        0.3579220473766327,
        0.35680335760116577
    ],
    "train_time": [
        3.9726366996765137,
        3.916546106338501,
        3.8606808185577393,
        3.8616719245910645,
        3.882458209991455,
        3.855339288711548,
        3.749225616455078,
        3.757814407348633,
        3.751574993133545,
        3.7495760917663574,
        3.753009796142578,
        3.753093719482422,
        3.7505552768707275,
        3.745828866958618,
        3.7442374229431152,
        3.745652437210083,
        3.74871826171875,
        3.7528069019317627,
        3.7469794750213623,
        3.747821569442749,
        3.753512144088745,
        3.751730442047119,
        3.7520668506622314,
        3.747659206390381,
        3.748737335205078,
        3.74487566947937,
        3.748875379562378,
        3.7451729774475098,
        3.7441468238830566,
        3.7476251125335693,
        3.7439703941345215,
        3.751412868499756,
        3.7493860721588135,
        3.7428197860717773,
        3.7585842609405518,
        3.7531228065490723,
        3.7482047080993652,
        3.753375291824341,
        3.752918004989624,
        3.7551496028900146
    ],
    "val_time": [
        0.4857347011566162,
        0.48692941665649414,
        0.4878997802734375,
        0.49008679389953613,
        0.4839780330657959,
        0.4726879596710205,
        0.47402000427246094,
        0.47274112701416016,
        0.4735071659088135,
        0.47404026985168457,
        0.47414231300354004,
        0.4714999198913574,
        0.4714689254760742,
        0.4702017307281494,
        0.4719088077545166,
        0.4741396903991699,
        0.47174072265625,
        0.4728391170501709,
        0.47229433059692383,
        0.4751152992248535,
        0.47380733489990234,
        0.47301387786865234,
        0.47276782989501953,
        0.47293806076049805,
        0.4742708206176758,
        0.47275805473327637,
        0.4723832607269287,
        0.4704468250274658,
        0.4716072082519531,
        0.4714696407318115,
        0.4711153507232666,
        0.47313404083251953,
        0.4729897975921631,
        0.4727661609649658,
        0.47269749641418457,
        0.4722480773925781,
        0.47188401222229004,
        0.47245121002197266,
        0.4732823371887207,
        0.47120046615600586
    ]
}