{
    "val_mse": 0.010511917993426323,
    "val_rmse": 0.10252764821052551,
    "val_mae": 0.07888433337211609,
    "test_mse": 0.014052508398890495,
    "test_rmse": 0.11854327470064163,
    "test_mae": 0.09235278517007828,
    "train_loss_per_epoch": [
        0.9895241657892863,
        0.8154512246449789,
        0.681429366270701,
        0.6406314373016357,
        0.621816615263621,
        0.5982370177904764,
        0.5920208593209585,
        0.5744597315788269,
        0.57636758685112,
        0.5618627667427063,
        0.5635721286137899,
        0.5532251497109731,
        0.5532742341359457,
        0.5457009971141815,
        0.545513778924942,
        0.537448118130366,
        0.5377962787946066,
        0.5316790541013082,
        0.5304210881392161,
        0.525811771551768,
        0.5229438046614329,
        0.5209630827109019,
        0.516673336426417,
        0.5149330894152323,
        0.5105234285195669,
        0.508656769990921,
        0.5049960613250732,
        0.5020080010096232,
        0.49874399105707806,
        0.49505992730458576,
        0.493103951215744,
        0.48957180976867676,
        0.48652272423108417,
        0.4846765398979187,
        0.48072285453478497,
        0.47771376371383667,
        0.4755614399909973,
        0.4720378617445628,
        0.46957602103551227,
        0.46741007765134174
    ],
    "val_loss_per_epoch": [
        0.6260746717453003,
        0.5169122219085693,
        0.49159830808639526,
        0.4769853949546814,
        0.40892863273620605,
        0.39574453234672546,
        0.41852232813835144,
        0.4257744252681732,
        0.4077836871147156,
        0.3788991868495941,
        0.3832285404205322,
        0.37409451603889465,
        0.3821673095226288,
        0.363374799489975,
        0.3628832697868347,
        0.35346728563308716,
        0.35531675815582275,
        0.35312679409980774,
        0.34687483310699463,
        0.34911543130874634,
        0.34149470925331116,
        0.34391480684280396,
        0.3377201557159424,
        0.3390393853187561,
        0.3369734585285187,
        0.33351635932922363,
        0.33573174476623535,
        0.33190616965293884,
        0.3327862620353699,
        0.329084575176239,
        0.32758161425590515,
        0.32872113585472107,
        0.3243669867515564,
        0.32423341274261475,
        0.3226402699947357,
        0.31983235478401184,
        0.32018086314201355,
        0.31988123059272766,
        0.316829115152359,
        0.3169606924057007
    ],
    "train_time": [
        78.46470665931702,
        8.370801448822021,
        9.086279392242432,
        9.101940870285034,
        9.102372169494629,
        9.09122896194458,
        9.096218347549438,
        9.176936388015747,
        9.101473093032837,
        9.1009202003479,
        9.093220710754395,
        9.104564905166626,
        9.097933530807495,
        9.108526945114136,
        9.105985403060913,
        9.097333192825317,
        9.097152471542358,
        9.102407693862915,
        9.09923791885376,
        9.10050106048584,
        9.102332353591919,
        9.098066568374634,
        9.097774982452393,
        9.0926194190979,
        9.104196071624756,
        9.106316804885864,
        9.101547956466675,
        9.094001531600952,
        9.099000453948975,
        9.171451330184937,
        9.24605917930603,
        9.201236724853516,
        9.199320554733276,
        9.174070358276367,
        9.085918188095093,
        9.098482847213745,
        9.284425735473633,
        9.109236478805542,
        9.093093872070312,
        9.094421625137329
    ],
    "val_time": [
        1.1221845149993896,
        1.6502037048339844,
        1.6530752182006836,
        1.6541972160339355,
        1.6554639339447021,
        1.6464354991912842,
        1.646214485168457,
        1.6510770320892334,
        1.6514902114868164,
        1.647109031677246,
        1.6456003189086914,
        1.6483492851257324,
        1.6473920345306396,
        1.651097059249878,
        1.6477580070495605,
        1.6524138450622559,
        1.6503732204437256,
        1.6494085788726807,
        1.6493773460388184,
        1.6470723152160645,
        1.6495361328125,
        1.6479816436767578,
        1.6467432975769043,
        1.6492416858673096,
        1.6479649543762207,
        1.6467320919036865,
        1.6488697528839111,
        1.654991626739502,
        1.650301456451416,
        1.6945812702178955,
        1.6708359718322754,
        1.6712281703948975,
        1.6725094318389893,
        1.6501424312591553,
        1.6487646102905273,
        1.6506454944610596,
        1.652209997177124,
        1.6463367938995361,
        1.6465935707092285,
        1.648975133895874
    ]
}