{
    "val_mse": 0.011730697005987167,
    "val_rmse": 0.108308345079422,
    "val_mae": 0.08297105878591537,
    "test_mse": 0.012782786041498184,
    "test_rmse": 0.11306098103523254,
    "test_mae": 0.08615905791521072,
    "train_loss_per_epoch": [
        0.91783473889033,
        0.761703888575236,
        0.6706541776657104,
        0.6625579992930094,
        0.6290656328201294,
        0.6189965307712555,
        0.6006527145703634,
        0.6002011100451151,
        0.5940398176511129,
        0.5889635682106018,
        0.5829886992772421,
        0.5799021124839783,
        0.5731929937998453,
        0.5711288650830587,
        0.5666268964608511,
        0.5623737176259359,
        0.5609946648279825,
        0.5552162329355875,
        0.5534415443738302,
        0.5502710143725077,
        0.5451448460419973,
        0.5446996887524923,
        0.5393108030160269,
        0.5364585022131602,
        0.534669429063797,
        0.5327310363451639,
        0.5271591941515604,
        0.5252065857251486,
        0.523259292046229,
        0.5194576680660248,
        0.5166044731934866,
        0.5133084356784821,
        0.5107931792736053,
        0.5086596707503,
        0.5035179456075033,
        0.5024633010228475,
        0.49967201550801593,
        0.4971240659554799,
        0.4936189651489258,
        0.48869945605595905
    ],
    "val_loss_per_epoch": [
        0.5459625124931335,
        0.4968344569206238,
        0.4625434875488281,
        0.4601360261440277,
        0.43282273411750793,
        0.41398143768310547,
        0.44657817482948303,
        0.4143681824207306,
        0.4286208152770996,
        0.40356916189193726,
        0.4022132456302643,
        0.4049851894378662,
        0.3959962725639343,
        0.39494872093200684,
        0.3949328660964966,
        0.38595402240753174,
        0.3796277642250061,
        0.37781426310539246,
        0.3668675124645233,
        0.3767755925655365,
        0.36492201685905457,
        0.36528250575065613,
        0.3625844120979309,
        0.3652641177177429,
        0.35576558113098145,
        0.36362528800964355,
        0.35980409383773804,
        0.35896429419517517,
        0.36002182960510254,
        0.35708245635032654,
        0.3614688217639923,
        0.3580837845802307,
        0.3545117676258087,
        0.35676679015159607,
        0.3590317666530609,
        0.3535631597042084,
        0.3537403643131256,
        0.35729488730430603,
        0.3579220473766327,
        0.35680335760116577
    ],
    "train_time": [
        3.965160608291626,
        3.8695895671844482,
        3.870568037033081,
        3.8658077716827393,
        3.874847173690796,
        3.865710973739624,
        3.8658809661865234,
        3.8664939403533936,
        3.8676750659942627,
        3.863415002822876,
        3.8640801906585693,
        3.8594813346862793,
        3.869762897491455,
        3.866032123565674,
        3.8585662841796875,
        3.869091510772705,
        3.8636956214904785,
        3.865457773208618,
        3.8721959590911865,
        3.8726162910461426,
        3.877485513687134,
        3.8655030727386475,
        3.8638882637023926,
        3.86942720413208,
        3.864302396774292,
        3.870004177093506,
        3.8634867668151855,
        3.8588056564331055,
        3.868600845336914,
        3.867457151412964,
        3.8684604167938232,
        3.8658809661865234,
        3.872882604598999,
        3.865849733352661,
        3.860502243041992,
        3.8670921325683594,
        3.864945888519287,
        3.8641507625579834,
        3.8652617931365967,
        3.8656628131866455
    ],
    "val_time": [
        0.4884343147277832,
        0.4850649833679199,
        0.48860597610473633,
        0.4852173328399658,
        0.48819947242736816,
        0.48622870445251465,
        0.48709750175476074,
        0.4854700565338135,
        0.48633623123168945,
        0.48751091957092285,
        0.48715949058532715,
        0.48614978790283203,
        0.4858283996582031,
        0.4858098030090332,
        0.48531365394592285,
        0.4881587028503418,
        0.4903087615966797,
        0.48877644538879395,
        0.48895788192749023,
        0.486236572265625,
        0.48482441902160645,
        0.4863007068634033,
        0.48320484161376953,
        0.4863910675048828,
        0.4860351085662842,
        0.48627471923828125,
        0.4880552291870117,
        0.4891366958618164,
        0.4862837791442871,
        0.48703622817993164,
        0.48624110221862793,
        0.48532652854919434,
        0.4876065254211426,
        0.4851686954498291,
        0.4881925582885742,
        0.4872317314147949,
        0.48586297035217285,
        0.4842801094055176,
        0.48544812202453613,
        0.48744654655456543
    ]
}